serviceId,serviceName,pageUrl,pageHttpStatus,available,introduction,feeCount,feeInfo,documentCount,mandatoryDocumentCount,requiredDocuments,contact,timeLimit,formSectionCount,formFieldCount
1,Birth Registration & Certificate,https://cgedistrict.cgstate.gov.in/instractionPageNew.do?lang=en&serviceId=1,200,Yes,"Birth Certificate Correction (Legacy) In Chhattisgarh, obtaining a Birth Certificate Correction (Legacy) whose birth certificate has errors, or by parents/guardians in case of minors within a Municipality, Nagar Panchayat, Corporation and the process can be completed easily through the eDistrict Portal. Applicants need to register on the portal with their personal details or apply through LSK/CSC log in, and select the “Birth Certificate Correction (Legacy)” service, after which they must fill out the application form. Upon submission, a unique Application reference number (ARN) is generated for tracking the application, which is generally processed within 07 working days by the Economics and Statistic. Once approved, the applicant receives an SMS notification and can download the digitally signed Birth Certificate Correction (Legacy) directly from the portal.",2,Lok Seva Kendra: ₹30.0 | Online: ₹30.0,5,2,Affidavit -> Affidavit (No) | Birth Information Form -> Birth Information Form (Yes) | Order -> Order Of A Magistrate Of First Class Or An Executive Magistrate (Yes) | Additional -> Additional Document (No) |  -> Additional Document (),Lok Seva Kendra,7 Days,0,0
2,Death Registration & Certificate,https://cgedistrict.cgstate.gov.in/instractionPageNew.do?lang=en&serviceId=2,200,Yes,"Death Certificate Correction (Legacy) In Chhattisgarh, obtaining a Death Certificate Correction (Legacy) service can be applied for by family members/legal heirs of the deceased or parents/guardians in case of minors within a Municipality, Nagar Panchayat, Corporation, and the process can be completed easily through the eDistrict Portal. Applicants need to register on the portal with their personal details or apply through LSK/CSC log in, and select the “Death Certificate Correction (Legacy)” service, after which they must fill out the application form Upon submission, an ARN (Application reference Number) is generated, through which the applicant can track the application status, which is generally processed within 07 working days by the Economics and Statistic. Once approved, the applicant receives an SMS notification and can download the digitally signed Death Certificate Correction (Legacy) directly from the portal.",2,Lok Seva Kendra: ₹30.0 | Online: ₹30.0,10,5,Affidavit -> Affidavit (No) | Order -> Order Of A Magistrate Of First Class Or An Executive Magistrate (Yes) | Certificate/Document -> Doctors Certificate/Document Given By Cremation Ground (Yes) | Additional Document -> Certificate Issued By Ward Member Or Doctor (No) |  -> Other Documents () | Permission Form -> Permission Form (Yes) | Death Information Form -> Death Information Form (Yes) | Form -> Form 4a(Accident Case) (No) |  -> Form 4(Death In Hospital) () | Self Attested Shapat Patra -> Self Attested Shapat Patra (Yes),Lok Seva Kendra,7 Days,0,0
3,Marriage Registration & Certificate,https://cgedistrict.cgstate.gov.in/instractionPageNew.do?lang=en&serviceId=3,200,Yes,"Marriage Registration & Certificate In Chhattisgarh, obtaining a Marriage Registration & Certificate is mandatory for couples who wish to legally validate their marriage within the jurisdiction of a Corporation, Municipality Nagar Panchayat, Division, Ward and the process can be completed easily through the eDistrict Portal. Applicants need to register on the portal with their personal details or apply through LSK/CSC log in, and select the “Marriage Registration & Certificate” service, after which they must fill out the application form. Upon submission, a unique Acknowledgment Number (ARN) is generated for tracking the application, which is generally processed within 15 working days. Once approved, the applicant receives an SMS notification and can download the digitally signed Marriage Registration & Certificate directly from the portal. The certificate remains valid for a lifetime and serves as an essential legal document for availing various government schemes, visas, joint bank accounts, and other official purposes.",2,Lok Seva Kendra: ₹30.0 | Online: ₹30.0,14,8,Affidavit -> Affidavit (Yes) | At The Time Of Marriage Combined Photograph Of Groom And Bride(2a Size) -> At The Time Of Marriage Combined Photograph Of Groom And Bride(2a Size) (Yes) | Declaration Letter From Guardian Of Married Couple -> Declaration Letter From Guardian Of Married Couple (No) | Other -> Other (No) | Necessary Documents -> Necessary Documents (No) | Birth Certificate Of Groom -> Birth Certificate Of Groom (Yes) | Birth Certificate Of Bride -> Birth Certificate Of Bride (Yes) | Document Signed By The Bride And Groom (First Page) -> Document Signed By The Bride And Groom (First Page) (Yes) | Document Signed By The Bride And Groom (Second Page) -> Document Signed By The Bride And Groom (Second Page) (Yes) | Copy Of Challan -> Copy Of Challan (Yes) | Marriage Invitation Card -> Marriage Invitation Card (Yes) | Divorce Certifcate -> Divorce Certificate (No) | Widow Certificate -> Widow Certificate (No) | Inter Religion Marriage Certificate -> Inter Religion Marriage Certificate (No),Lok Seva Kendra,15 Days,5,35
4,SC/ST Certificate,https://cgedistrict.cgstate.gov.in/instractionPageNew.do?lang=en&serviceId=4,200,Yes,"SC / ST Certificate Service In Chhattisgarh, obtaining a Scheduled Caste (SC) or Scheduled Tribe (ST) Certificate is essential for individuals belonging to these categories to avail government benefits such as reservations in education, employment, scholarships, and welfare schemes. The application process is simple and can be completed through the eDistrict Portal of Chhattisgarh. Applicants need to register on the portal with their personal details or apply through LSK/CSC login, and select the “SC/ST Certificate” service. They must then fill out the application form, upload the required documents. Upon submission, a unique Application Reference Number (ARN) is generated for tracking the application. Once approved, the applicant receives a SMS notification and can download the digitally signed SC/ST Certificate directly from the portal. The certificate remains valid permanently, unless otherwise directed by the issuing authority, and can be used for all official and legal purposes across the state.",2,Lok Seva Kendra: ₹30.0 | Online: ₹30.0,38,1,"Residential Proof -> Domicile Certificate (No) |  -> Electricity Bill () |  -> Ration Card () |  -> Telephone Bill () |  -> Birth Certificate () |  -> Voters Identity Card () |  -> Bpl Certificate () |  -> Land And House Document () |  -> Driving License () |  -> Other Documents () |  -> Certificate From Ward Member, Local Mla/Mp () |  -> Photo Identity Card () |  -> Service Certificate Of Father / Guardian () |  -> Order Of Involuntary Migration () |  -> Domicile Certificate () | Caste Proof -> Sc/St Certificate Of Other State (Yes) |  -> Sc/St Certificate From Sarpanch / Parshad / Mla / Mp () |  -> Transfer Certificate From Any Recognized School Or Any School Countersigned By Deo () |  -> Father/Guardians Service Certificate/Identity Card () |  -> Educational Certificate () |  -> Caste Certificate Issued Earlier To The Applicant Or Any Member Of His Family () |  -> Primary School Certificate () |  -> Birth Information Form () |  -> Misal () |  -> Adhikar Abhilekh () |  -> Jamabandi () |  -> Census Register Of 1931 () |  -> Citizen Register Of 1959 () |  -> Dakhil / Kharij Panji () |  -> Disability / Unavailability Proof () | Affidavit -> Affidavit (No) | Vanshavali -> Vanshavali (No) |  -> Vanshavali 1 () |  -> Vanshavali 2 () |  -> Vanshavali 3 () |  -> Vanshavali 4 () | Gram Sabha Proposal (Resident Of Rural Areas People) -> Gram Sabha Proposal (Resident Of Rural Areas People) (No) | Madhya Pradesh Reorganization Act 2000 (No. 26 Of 2000 Under Section 67 C.G. State Cadre Allocation) Proof -> Madhya Pradesh Reorganization Act 2000 (No. 26 Of 2000 Under Section 67 C.G. State Cadre Allocation) Proof (No)",Lok Seva Kendra,22 Days,6,41
5,OBC Certificate,https://cgedistrict.cgstate.gov.in/instractionPageNew.do?lang=en&serviceId=5,200,Yes,"OBC Certificate Service - Chhattisgarh In Chhattisgarh, obtaining an Other Backward Class (OBC) Certificate is essential for individuals belonging to OBC communities to avail government benefits such as reservations in education, employment, scholarships, and welfare schemes. The application process is simple and can be completed through the eDistrict Portal of Chhattisgarh. Applicants need to register on the portal with their personal details or apply through LSK/CSC login, and select the “OBC Certificate” service. They must then fill out the application form, upload the required documents. Upon submission, a unique acknowledgment number (ARN) is generated for tracking the application. Once approved, the applicant receives an SMS notification and can download the digitally signed OBC Certificate directly from the portal. The certificate remains valid permanently, unless otherwise directed by the issuing authority, and can be used for all official and legal purposes across the state.",2,Lok Seva Kendra: ₹30.0 | Online: ₹30.0,35,3,"Residential Proof -> Certificate From Ward Member, Local Mla/Mp (No) |  -> Land And House Document () |  -> Ration Card () |  -> Electricity Bill () |  -> Domicile Certificate () |  -> Birth Certificate () |  -> Birth Information Form () |  -> Service Certificate / Identity Card Of Father / Guardian () |  -> Order Of Involuntary Migration () | Affidavit -> Affidavit (Yes) | Income Proof -> Certificate From Patwari/Sarpanch/Parshad (Yes) |  -> Income Certificate Employer/Form 16 () |  -> Ration Card () |  -> Income From Land/House () |  -> Other Documents () |  -> Application Form () | Obc Proof -> Educational Certificate (Yes) |  -> Transfer Certificate Of Primary School Education () |  -> Obc Certificate Of Father () |  -> Obc Certificate From Sarpanch / Parshad () |  -> Father/Guardians Service Certificate/Identity Card () |  -> Misal () |  -> Adhikar Abhilekh () |  -> Jamabandi () |  -> Census Register Of 1931 () |  -> Citizen Register Of 1959 () |  -> Dakhil / Kharij Panji () |  -> Disability / Unavailability Proof () | Vanshavali -> Vanshavali (No) |  -> Vanshavali 1 () |  -> Vanshavali 2 () |  -> Vanshavali 3 () |  -> Vanshavali 4 () | Gram Sabha Proposal (Resident Of Rural Areas People) -> Gram Sabha Proposal (Resident Of Rural Areas People) (No) | Madhya Pradesh Reorganization Act 2000 (No. 26 Of 2000 Under Section 67 C.G. State Cadre Allocation) Proof -> Madhya Pradesh Reorganization Act 2000 (No. 26 Of 2000 Under Section 67 C.G. State Cadre Allocation) Proof (No)",Lok Seva Kendra,22 Days,5,37
6,Income Certificate,https://cgedistrict.cgstate.gov.in/instractionPageNew.do?lang=en&serviceId=6,200,Yes,"Income Certificate Service The Income Certificate is a vital document required for availing various government schemes, scholarships, and welfare benefits. To apply, citizens must first register on the portal by providing details such as name, mobile number, email ID, Aadhaar number, and address. After login, they can select the Income Certificate service and fill the online application form with mandatory details including applicant’s name, residential address, age, qualification, employment status, and family income particulars. Applicants are required to upload scanned copies of supporting documents. The application is processed by the competent authority. Upon approval, applicants receive an SMS notification and can download the digitally signed Income Certificate directly from the portal. The certificate remains valid for a period of one year from the date of issue, and citizens are advised to renew it in a timely manner to continue availing government services and schemes.",2,Lok Seva Kendra: ₹30.0 | Online: ₹30.0,8,2,Affidavit -> Affidavit (Yes) | Income Proof -> Certificate From Patwari/Sarpanch/Parshad (Yes) |  -> Income Certificate Employer/Form 16 () |  -> Income From Land/House () |  -> Other Documents () |  -> Application Form () |  -> Form 16 () |  -> Income Of Other Members Of The Family (),Lok Seva Kendra,7 Days,3,19
7,Domicile Certificate,https://cgedistrict.cgstate.gov.in/instractionPageNew.do?lang=en&serviceId=7,200,Yes,"Domicile Certificate A Domicile Certificate is an important legal document that certifies a person’s permanent residence within the State and is required for availing various government services, educational opportunities, scholarships, employment preferences, and other state-specific benefits. To apply, the citizen must register on the e-District Portal by providing essential details such as name, mobile number, email ID, Aadhaar number, and address. After successful registration and login, the applicant should select the Domicile Certificate service from the list of available services and complete the online application form by furnishing mandatory details including personal information, residential address, period of residence in Chhattisgarh, and supporting documents particulars as required. The application is processed by the competent authority. Upon approval, the applicant is notified through SMS and can directly download the digitally signed Domicile Certificate from the portal.",2,Lok Seva Kendra: ₹30.0 | Online: ₹30.0,21,3,"Affidavit -> Affidavit (Yes) | Other -> Other Documents (No) | Proof Of At Least 15 Years Stay -> Birth Certificate (Yes) |  -> Father/ Guardian Service Certificate () |  -> Job Service Certificate / Identity Card (If The Applicant Is Under Govt./Semi Govt.) () |  -> Voters Identity Card () |  -> Land And House Document () |  -> Birth Information Form () |  -> Certificate From Ward Member, Local Mla/Mp () |  -> Ration Card () |  -> Electricity Bill () | Educational Certificate -> Middle School Certificate - 8th Standard (Yes) |  -> Primary School Certificate - 5th Standard () |  -> High School(10th) Certificate () |  -> Higher Secondary School Certificate(12th) () |  -> M.Phil/D.Lit./Ph.D. Certificate () |  -> School Certificate (As A Proof Of 3 Years Continuous Study) () |  -> Post Graduation Certificate () |  -> Certificate In Technical Subjects () | Proof Of At Least 5 Years Stay -> Land And House Document (No) |  -> Persons Service Book. ()",Lok Seva Kendra,7 Days,6,23
8,RTI filling at District Collectorate,https://cgedistrict.cgstate.gov.in/instractionPageNew.do?lang=en&serviceId=8,200,Yes,Insert title here Instructions For RTI Filling at District Collectorate Eligibility Criteria: Applicant should be a citizen of India. Documents Required: RTI Acceptance Register. Fee Payment receipt. ID Proof. Fee Details: RTI Application fees-Rs 30 (for APL) Additional fees (case basis) Expected Delivery Date: Submission- 1 Day Response-30 working days Other Instructions:,2,Lok Seva Kendra: ₹30.0 | Online: ₹30.0,4,1,Identity Proof -> Identity Proof (No) | Bpl Proof -> Bpl Proof (Yes) | Certificate/Document -> Fee Payment Receipt (No) | Other Documents -> Other Documents (No),Lok Seva Kendra,30 Days,1,5
9,RTI filling at Municipalities/Panchayat,https://cgedistrict.cgstate.gov.in/instractionPageNew.do?lang=en&serviceId=9,200,Yes,Insert title here Instructions For RTI Filling at District Collectorate Eligibility Criteria: Applicant should be a citizen of India. Documents Required: RTI Acceptance Register. Fee Payment receipt. ID Proof. Fee Details: RTI Application fees-Rs 30 (for APL) Additional fees (case basis) Expected Delivery Date: Submission- 1 Day Response-30 working days Other Instructions:,2,Lok Seva Kendra: ₹30.0 | Online: ₹30.0,5,2,Bpl Proof -> Bpl Certificate (Yes) | Affidavit -> Affidavit (Yes) | Certificate/Document -> Fee Payment Receipt (No) | Other Documents -> Other Documents (No) |  -> Application Related Document (),Lok Seva Kendra,30 Days,1,5
10,Public Grievance Municipal Corporation/Municipality/Town Panchayat,https://cgedistrict.cgstate.gov.in/instractionPageNew.do?lang=en&serviceId=10,200,Yes,Important Instruction: Information must be complete and Poin wise. Give Your mobile no and Identity so that system can send SMS. Give Reference No if You have Already lodge given. Choose Your Grievance Category. Keep Your Generated Greviance Id for further Processing. Documents Required: Any Document or Photo Related to Public Greviance . Fee Details: Rs 30.00 Expected Greviance Solution/Action Date: Citizen should be getting a response normally within 30 working days,2,Lok Seva Kendra: ₹30.0 | Online: ₹30.0,2,0,Affidavit -> Affidavit (No) | Additional Document -> Application Related Document (No),Lok Seva Kendra,30 Days,1,4
11,Public Grievance Collectorate,https://cgedistrict.cgstate.gov.in/instractionPageNew.do?lang=en&serviceId=11,200,Yes,Important Instruction: Information must be complete and Point wise. Give Your mobile no and Identity so that system can send SMS. Give Reference No if You have Already lodge given. Choose Your Grievance Category. Keep Your Generated Greviance Id for further Processing. Documents Required: Any Document or Photo Related to Public Grievance Collectorate . Fee Details: Rs 30.00 Expected Greviance Solution/Action Date: Citizen should be getting a response normally within 30 working days,2,Lok Seva Kendra: ₹30.0 | Online: ₹30.0,1,0,Affidavit -> Affidavit (No),Lok Seva Kendra,30 Days,1,4
12,Application for inclusion in Indira Gandhi old age Pension,https://cgedistrict.cgstate.gov.in/instractionPageNew.do?lang=en&serviceId=12,200,Yes,"Application for inclusion in Indira Gandhi old age Pension In Chhattisgarh, the Indira Gandhi Old Age Pension provides financial support to elderly citizens who meet the state’s eligibility criteria. The service is available through the eDistrict Portal of Chhattisgarh and can also be accessed via Lok Seva Kendras (LSK) or Common Service Centres (CSC) for applicants requiring assistance. Eligible citizens, typically aged 60 years and above and meeting income requirements, can register on the portal and select the “Application for Indira Gandhi Old Age Pension” service. Upon submission, a unique Application Reference Number (ARN) is generated, allowing applicants to track the status of their application. The concerned authority verifies the application, which is generally processed within 60 days. Once approved, the applicant receives an SMS notification, and the pension amount is directly credited to the beneficiary’s bank or post office account.",2,Lok Seva Kendra: ₹30.0 | Online: ₹30.0,11,3,Domicile Certificate -> Issued By Gazetted Officer Or Ombudsman (Yes) |  -> Issued By Councillor () | Age Proof Document -> Sarpanch Or In Case Of Urban Area Mayor (Yes) |  -> Administrator () |  -> Officer Authorized By The President () |  -> Birth Registration Certificate () |  -> Doctors Certificate () |  -> School Certificate () | Other Documents -> Other Documents (No) | Below Poverty Line Related Document -> Bpl Certificate (Yes) | Bank/Post Office Account Passbook -> Bank/Post Office Account Passbook (No),Lok Seva Kendra,60 Days,4,27
13,Application for inclusion in Samajik Suraksha Pension Yojana,https://cgedistrict.cgstate.gov.in/instractionPageNew.do?lang=en&serviceId=13,200,Yes,"Application for Inclusion in Sukhad Sahara Yojana The Sukhad Sahara Yojana provides financial assistance to eligible beneficiaries in Chhattisgarh to support their livelihood and social security needs. Citizens can apply for this service either by creating an account and applying directly on the eDistrict Portal, or by visiting their nearest Lok Seva Kendra (LSK) or Common Service Centre (CSC) for assistance. After logging in, applicants need to select the “Application for Inclusion in Sukhad Sahara Yojana” service under the Social Welfare section, fill out the online form, and upload the required supporting documents. Once the application is submitted successfully, a unique Acknowledgment Number (ARN) is generated for tracking the status. The application is then forwarded to the concerned authority for verification, and if the applicant is found eligible, it is approved. The sanctioned assistance amount is directly credited to the beneficiary’s bank or post office account, ensuring timely and transparent delivery of benefits.",2,Lok Seva Kendra: ₹30.0 | Online: ₹30.0,15,6,Domicile Certificate -> Issued By Gazetted Officer Or Ombudsman (Yes) |  -> Issued By Councillor () | Age Proof Document -> Sarpanch Or In Case Of Urban Area Mayor (Yes) |  -> Administrator () |  -> Officer Authorized By The President () |  -> Birth Registration Certificate () |  -> Doctors Certificate () |  -> School Certificate () | Disability Certificate -> Certificate Issued Pursuant To The Provisions Of The Persons With Disabilities Act -1995 (Yes) | School Going Certificate For Age Group 6-14 Disable Students -> Respective School Principal (Yes) |  -> Issued By The Principal () | Dwarf Certificate -> Issued By Authorized Physician (Yes) | Other Documents -> Other Documents (No) | Below Poverty Line Related Document -> Bpl Certificate (Yes) | Bank/Post Office Account Passbook -> Bank/Post Office Account Passbook (No),Lok Seva Kendra,60 Days,4,32
14,Application for inclusion in Sukhad Sahara Yojana,https://cgedistrict.cgstate.gov.in/instractionPageNew.do?lang=en&serviceId=14,200,Yes,"Application for Inclusion in Sukhad Sahara Yojana The Sukhad Sahara Yojana provides financial assistance to eligible beneficiaries in Chhattisgarh to support their livelihood and social security needs. Citizens can apply for this service either by creating an account and applying directly on the eDistrict Portal, or by visiting their nearest Lok Seva Kendra (LSK) or Common Service Centre (CSC) for assistance. After logging in, applicants need to select the “Application for Inclusion in Sukhad Sahara Yojana” service under the Social Welfare section, fill out the online form, and upload the required supporting documents. Once the application is submitted successfully, a unique Acknowledgment Number (ARN) is generated for tracking the status. The application is then forwarded to the concerned authority for verification, and if the applicant is found eligible, it is approved. The sanctioned assistance amount is directly credited to the beneficiary’s bank or post office account, ensuring timely and transparent delivery of benefits.",2,Lok Seva Kendra: ₹30.0 | Online: ₹30.0,17,5,Domicile Certificate -> Issued By Gazetted Officer Or Ombudsman (Yes) |  -> Issued By Councillor () | Age Proof Document -> Sarpanch Or In Case Of Urban Area Mayor (Yes) |  -> Administrator () |  -> Officer Authorized By The President () |  -> Birth Registration Certificate () |  -> Doctors Certificate () |  -> School Certificate () | Death Certificate -> Related Village (Yes) |  -> Ward Arbitrator Of Urban Bodies () |  -> Certified By Councillor () | Divorcee Related Certificate -> Related Village (Yes) |  -> Ward Arbitrator Of Urban Bodies () |  -> Certified By Councillor () | Other Documents -> Other Documents (No) | Below Poverty Line Related Document -> Bpl Certificate (Yes) | Bank/Post Office Account Passbook -> Bank/Post Office Account Passbook (No),Lok Seva Kendra,60 Days,4,27
15,Application for inclusion in Widow Pension,https://cgedistrict.cgstate.gov.in/instractionPageNew.do?lang=en&serviceId=15,200,Yes,"Application for Inclusion in Widow Pension The Widow Pension Scheme offers financial support to eligible widows in Chhattisgarh. Applicants can apply through the eDistrict Portal by creating an account and submitting their application online, or they may seek assistance at the nearest Lok Seva Kendra (LSK) or Common Service Centre (CSC). After logging in, the applicant needs to select “Application for Inclusion in Widow Pension” under the Social Welfare section, complete the digital application form, and upload the required supporting documents. On successful submission, a unique Acknowledgment / ARN is generated to track the application status. The application is forwarded to the concerned authority for verification, and upon satisfying eligibility criteria, it is approved. Once approved, the pension amount is transferred directly to the beneficiary’s bank or post office account, ensuring timely and transparent disbursement of benefits",2,Lok Seva Kendra: ₹30.0 | Online: ₹30.0,14,4,Domicile Certificate -> Issued By Gazetted Officer Or Ombudsman (Yes) |  -> Issued By Councillor () | Age Proof Document -> Sarpanch Or In Case Of Urban Area Mayor (Yes) |  -> Administrator () |  -> Officer Authorized By The President () |  -> Birth Registration Certificate () |  -> Doctors Certificate () |  -> School Certificate () | Death Certificate -> Related Village (Yes) |  -> Ward Arbitrator Of Urban Bodies () |  -> Certified By Councillor () | Other Documents -> Other Documents (No) | Below Poverty Line Related Document -> Bpl Certificate (Yes) | Bank/Post Office Account Passbook -> Bank/Post Office Account Passbook (No),Lok Seva Kendra,60 Days,4,26
16,Application for Case listing (Revenue Court),https://cgedistrict.cgstate.gov.in/instractionPageNew.do?lang=en&serviceId=16,200,Yes,"Application for Case Listing (Revenue Court) – Chhattisgarh In Chhattisgarh, citizens can apply for case listing in Revenue Courts through the e-District Portal. This service allows parties, their legal representatives, or authorized agents to request the inclusion of revenue-related cases in the court’s hearing schedule, ensuring transparency and timely processing. Eligible applicants include parties to a revenue case, advocates, or authorized representatives. Applications can be submitted online via the e-District Portal or offline at the relevant Tehsil or Revenue Court office. The applicant must complete the application form and submit necessary details, including case number, parties involved, and supporting documents. Upon submission, an Application Reference Number (ARN) is generated to track the application status. The concerned authority verifies the documents and schedules the case within the prescribed time frame, usually within 7 working days. Applicants are notified via SMS or email once the case is listed, facilitating proper record management and ensuring timely hearings.",2,Lok Seva Kendra: ₹30.0 | Online: ₹30.0,6,1,"Residential Proof -> Domicile Certificate (Yes) |  -> Ration Card () |  -> Electricity Bill () |  -> Land And House Document () |  -> Certificate From Ward Member, Local Mla/Mp () |  -> Other Documents ()",Lok Seva Kendra,7 Days,1,10
17,Court Order Certificate (Revenue Court),https://cgedistrict.cgstate.gov.in/instractionPageNew.do?lang=en&serviceId=17,200,Yes,"Court Order Certificate (Revenue Court) Obtaining a Court Order Certificate from a Revenue Court is a crucial service for citizens dealing with land and property disputes. This certificate serves as an official document that confirms the final decision, order, or official order passed by a Revenue Court on matters like land demarcation, mutation, property disputes, or the recovery of land revenue arrears. After a simple registration and login, citizens can select the ""Revenue Court Certificate"" service, fill out an online application form with the required details, and upload supporting documents such as the original case number, copy of the court order, and identity proof. The system generates a unique application ID, which allows for real-time tracking of the application status, from submission to approval. Once the certificate is approved and digitally signed by the competent authority, it can be downloaded and printed directly from the portal, eliminating the need to collect it in person. This digitalization ensures authenticity, reduces the scope for errors, and enhances accountability in public service delivery.",2,Lok Seva Kendra: ₹30.0 | Online: ₹30.0,12,2,"Residential Proof -> Domicile Certificate (Yes) |  -> Ration Card () |  -> Electricity Bill () |  -> Land And House Document () |  -> Certificate From Ward Member, Local Mla/Mp () |  -> Other Documents () | Identity Proof -> Voters Identity Card (Yes) |  -> Driving License () |  -> Passport () |  -> Defence Id Card () |  -> Pan Card () |  -> Aadhaar Card ()",Lok Seva Kendra,15 Days,1,6
18,Issuance of Ration card,https://cgedistrict.cgstate.gov.in/instractionPageNew.do?lang=en&serviceId=18,200,Yes,,2,Lok Seva Kendra: ₹30.0 | Online: ₹30.0,13,2,"Residential Proof -> Domicile Certificate (Yes) |  -> Electricity Bill () |  -> Other Documents () |  -> Land And House Document () |  -> Certificate From Ward Member, Local Mla/Mp () | Affidavit -> Affidavit (No) | Income Proof -> Income Certificate Employer/Form 16 (Yes) |  -> Certificate From Patwari/Sarpanch/Parshad () |  -> Income From Land/House () |  -> Other Documents () |  -> Application Form () |  -> Form 16 () |  -> Income Of Other Members Of The Family ()",Lok Seva Kendra,30 Days,0,0
19,,https://cgedistrict.cgstate.gov.in/instractionPageNew.do?lang=en&serviceId=19,,No,,0,,0,0,,,,0,0
20,,https://cgedistrict.cgstate.gov.in/instractionPageNew.do?lang=en&serviceId=20,,No,,0,,0,0,,,,0,0
21,Issuance of Trade License,https://cgedistrict.cgstate.gov.in/instractionPageNew.do?lang=en&serviceId=21,200,Yes,"Issuence of Trade Licence instruction Eligibility Criteria: Fields marked in '*' are mandatory. Wherever there is a Select button please click the Select button to obtain a list of valid records. Trade license is valid for one year only. Enclosure: If business is based on partnership, than copy of partnership records. Fee Details: 30.00/-(Not Applicable for Citizen) Expected Delivery Date: You should be getting a response normally within 15 working days. Other Instructions: In case insufficient information is furnished the application will not be accepted. Still you have to pay a minimum service charge. Note:-",2,Lok Seva Kendra: ₹30.0 | Online: ₹30.0,6,3,Photo Id Proof -> Driving Licence (Yes) |  -> Passport () |  -> Pancard () |  -> Voter Id () | Lease Deed/Legal Occupancy -> Lease Deed/Legal Occupancy (Yes) | Challan Copy -> Challan Copy (Yes),Lok Seva Kendra,15 Days,2,18
22,Shop and Establishment Registration,https://cgedistrict.cgstate.gov.in/instractionPageNew.do?lang=en&serviceId=22,200,Yes,,2,Lok Seva Kendra: ₹30.0 | Online: ₹30.0,5,1,Photo Id Proof -> Pancard (Yes) |  -> Voter Id () |  -> Driving Licence () |  -> Passport () | Challan(In Offline Mode) -> Challan(In Offline Mode) (No),Lok Seva Kendra,15 Days,6,25
23,Food Registration(Application for Small Cottage),https://cgedistrict.cgstate.gov.in/instractionPageNew.do?lang=en&serviceId=23,200,Yes,,2,Lok Seva Kendra: ₹30.0 | Online: ₹30.0,10,4,Affidavit -> Affidavit (Yes) | Certificate/Document -> Copy Of Partnership Records (No) | Additional Document -> Additional Document (No) | Necessary Documents -> Identity Proof (Yes) |  -> Receipt/Challan Of Registration Fee () |  -> Address Proof () |  -> Vender Card () |  -> Trade License () | Photo -> Applicant Photo (Yes) | Tax Reciept -> Tax Receipt (Yes),Lok Seva Kendra,15 Days,0,0
24,Application for Water Tap Connection,https://cgedistrict.cgstate.gov.in/instractionPageNew.do?lang=en&serviceId=24,200,Yes,"Application for Water Tap Connection In Chhattisgarh, the Water Tap Connection service allows citizens to obtain a new water supply connection for domestic, commercial, or institutional use. The service is available online through the eDistrict Portal of Chhattisgarh and offline via Lok Seva Kendras (LSK) or Common Service Centres (CSC). This service is applicable to residents, households, and establishments falling under the jurisdiction of municipal corporations, municipalities, or Gram Panchayats responsible for water supply. The applicant must be the property owner or an authorized occupant of the premises where the connection is required. To apply, the citizen has to register and log in to the eDistrict portal, select the “Water Tap Connection” service, and fill the application form with property and personal details. Through LSK or CSC, operators assist citizens in completing the form. On submission, an Application Reference Number (ARN) is generated, and the prescribed application and connection fees are paid. The local body verifies documents, may conduct a site inspection, and processes the request within 30 days. Upon approval, the connection is sanctioned and installed, remaining valid with regular bill payment.",2,Lok Seva Kendra: ₹30.0 | Online: ₹30.0,9,2,"Residential Proof -> Domicile Certificate (Yes) |  -> Ration Card () |  -> Electricity Bill () |  -> Other Documents () |  -> Land And House Document () |  -> Certificate From Ward Member, Local Mla/Mp () | Bpl Proof -> Bpl Certificate (No) | Tax Reciept -> Tax Receipt (Yes) | Cosent Form -> Cosent Form (No)",Lok Seva Kendra,30 Days,3,18
25,NOC for Building (Plan) Construction,https://cgedistrict.cgstate.gov.in/instractionPageNew.do?lang=en&serviceId=25,200,Yes,,2,Lok Seva Kendra: ₹30.0 | Online: ₹30.0,4,0,Additional Document -> Other Documents (No) |  -> Additional Document () |  -> Other Documents () | Application Form -> Application Form (No),Lok Seva Kendra,30 Days,3,30
26,Name transfer (Mutation) of Property Municipal area,https://cgedistrict.cgstate.gov.in/instractionPageNew.do?lang=en&serviceId=26,200,Yes,"Name transfer (Mutation) of Property Municipal area The process of name transfer, or mutation, of a property within a municipal area is a vital administrative procedure that records a change in the ownership of a property in the official municipal records. This is a mandatory step after any property transaction, such as sale, inheritance, gift, or will, and is crucial for updating tax liabilities and legal ownership. The service is designed to be user-friendly, providing a step-by-step guide for submitting an application. Applicants need to register on the portal, select the ""Mutation of Property"" service, and fill in the required details, including property address, previous owner's details, and the new owner's information. The portal also allows for the easy upload of necessary documents. Once the application is submitted, a unique reference number is generated, which can be used to track the application's status in real-time. The application is then routed to the concerned municipal authority for verification. After due diligence and verification, the competent authority approves the mutation, and the updated property records can be downloaded from the e–District portal. Once approved, the applicant receives an SMS notification and can download the Revenue Service (Agricultural Land Diverted for Mutation details directly from the portal, Record validity is permanent and has no expiry.",2,Lok Seva Kendra: ₹30.0 | Online: ₹30.0,5,5,Identity Proof -> Identity Proof (Yes) | Copy Of Sale Deed Of Property -> Copy Of Sale Deed Of Property (Yes) | House Map -> House Map (Yes) | Last Paid Property Tax Receipt -> Last Paid Property Tax Receipt (Yes) | Abedan Form -> Abedan Form (Yes),Lok Seva Kendra,30 Days,3,24
27,Request for Nakal of document From Bhuiyan(copy of land record etc),https://cgedistrict.cgstate.gov.in/instractionPageNew.do?lang=en&serviceId=27,200,Yes,,2,Lok Seva Kendra: ₹10.0 | Online: ₹10.0,0,0,,Lok Seva Kendra,15 Days,1,6
28,Registration for Job-Seekers,https://cgedistrict.cgstate.gov.in/instractionPageNew.do?lang=en&serviceId=28,200,Yes,,2,Lok Seva Kendra: ₹30.0 | Online: ₹30.0,0,0,,Lok Seva Kendra,1 Days,0,0
29,New Permanent Driving License for Motor Vehicle,https://cgedistrict.cgstate.gov.in/instractionPageNew.do?lang=en&serviceId=29,200,Yes,,2,Lok Seva Kendra: ₹30.0 | Online: ₹30.0,12,5,"Residential Proof -> Domicile Certificate (Yes) |  -> Ration Card () |  -> Electricity Bill () |  -> Other Documents () |  -> Land And House Document () |  -> Certificate From Ward Member, Local Mla/Mp () | Birth Proof -> Birth Certificate (Yes) |  -> School Certificate () |  -> High School(10th) Certificate () | Affidavit -> Affidavit (Yes) | Original Learner Licence -> Original Learner Licence (Yes) | Certificate Of Competence To Drive Vehicle -> Certificate Of Competence To Drive Vehicle (Yes)",Lok Seva Kendra,30 Days,1,15
30,New Learner License,https://cgedistrict.cgstate.gov.in/instractionPageNew.do?lang=en&serviceId=30,200,Yes,,2,Lok Seva Kendra: ₹30.0 | Online: ₹30.0,12,4,"Residential Proof -> Domicile Certificate (Yes) |  -> Ration Card () |  -> Electricity Bill () |  -> Other Documents () |  -> Land And House Document () |  -> Certificate From Ward Member, Local Mla/Mp () | Birth Proof -> Birth Certificate (Yes) |  -> School Certificate () |  -> High School(10th) Certificate () | Photo -> Photograph (No) | Form 1 -> Form 1 (Yes) | Form 1a [Medical Certificates As Issued By Any M.B.B.S. Doctor] -> Form 1a [Medical Certificates As Issued By Any M.B.B.S. Doctor] (Yes)",Lok Seva Kendra,18 Days,1,14
31,Application for Fitment Certificate (Vehicle),https://cgedistrict.cgstate.gov.in/instractionPageNew.do?lang=en&serviceId=31,200,Yes,,2,Lok Seva Kendra: ₹30.0 | Online: ₹30.0,14,6,"Residential Proof -> Domicile Certificate (Yes) |  -> Ration Card () |  -> Land And House Document () |  -> Electricity Bill () |  -> Other Documents () |  -> Certificate From Ward Member, Local Mla/Mp () | Birth Proof -> Birth Certificate (Yes) |  -> School Certificate () |  -> High School(10th) Certificate () | Affidavit -> Affidavit (Yes) | Application Form 20 -> Application Form 20 (Yes) | Sales Certification Form 21 -> Sales Certification Form 21 (Yes) | Valid Insurance Certificate -> Valid Insurance Certificate (Yes) | Loi From S.T.A. ( For Commercial Passenger Vehicles) -> Loi From S.T.A. ( For Commercial Passenger Vehicles) (No)",Lok Seva Kendra,60 Days,1,15
32,Application for Indira Gandhi Disability Pension Yojana,https://cgedistrict.cgstate.gov.in/instractionPageNew.do?lang=en&serviceId=32,200,Yes,"Indira Gandhi Disability Pension Yojana The Indira Gandhi Disability Pension Yojana provides financial assistance to eligible persons with disabilities in Chhattisgarh. Citizens can apply for this service either by creating an account and applying directly on the eDistrict Portal, or by visiting their nearest Lok Seva Kendra (LSK) or Common Service Centre (CSC) for assistance. After logging in, applicants need to select the “Application for Indira Gandhi Disability Pension Yojana” service under the Social Welfare section, fill out the online form, and upload the mandatory supporting documents. Once the application is submitted successfully, a unique acknowledgment number(ARN) is generated for tracking the status. The application is then forwarded to the concerned authority for verification, and if found eligible, it is approved. The sanctioned pension amount is credited directly to the beneficiary’s bank or post office account, ensuring timely and transparent delivery of benefits.",2,Lok Seva Kendra: ₹30.0 | Online: ₹30.0,11,4,Domicile Certificate -> Issued By Gazetted Officer Or Ombudsman (Yes) |  -> Issued By Councillor () | Age Proof Document -> Sarpanch Or In Case Of Urban Area Mayor (Yes) |  -> Administrator () |  -> Officer Authorized By The President () |  -> Birth Registration Certificate () |  -> Doctors Certificate () |  -> School Certificate () | Disability Certificate -> Certificate Issued Pursuant To The Provisions Of The Persons With Disabilities Act -1995 (Yes) | Below Poverty Line Related Document -> Bpl Certificate (Yes) | Bank/Post Office Account Passbook -> Bank/Post Office Account Passbook (No),Lok Seva Kendra,60 Days,4,33
33,Food Registration(Application for Hawker Stall),https://cgedistrict.cgstate.gov.in/instractionPageNew.do?lang=en&serviceId=33,200,Yes,,2,Lok Seva Kendra: ₹30.0 | Online: ₹30.0,7,3,Affidavit -> Affidavit (Yes) | Certificate/Document -> Copy Of Partnership Records (No) | Necessary Documents -> Identity Proof (Yes) |  -> Tax Receipt () |  -> Receipt/Challan Of Registration Fee () |  -> Address Proof () | Photo -> Applicant Photo (Yes),Lok Seva Kendra,15 Days,0,0
34,,https://cgedistrict.cgstate.gov.in/instractionPageNew.do?lang=en&serviceId=34,,No,,0,,0,0,,,,0,0
35,Revenue Services (Agricultural Land/Diverted Demarcation),https://cgedistrict.cgstate.gov.in/instractionPageNew.do?lang=en&serviceId=35,200,Yes,"Revenue Services (Agricultural Land/Diverted RBC 6(4) - Relief Support (Natural Calamity)) In Chhattisgarh, obtaining services related to Revenue Services Agricultural Land/Diverted RBC 6(4) – Relief Support (Natural Calamity) service in Chhattisgarh can be applied by farmers, landowners, or leaseholders whose land/crops are damaged due to natural calamities (flood, drought, hailstorm, fire, etc.), as verified by the Revenue Department within the jurisdiction of a District, Revenue Tehsil, Revenue Village, and the process can be completed easily through the eDistrict Portal. Applicants need to register on the portal with their personal details or apply through LSK/CSC login, and select the “Revenue Services (Agricultural Land/Diverted RBC 6(4) - Relief Support (Natural Calamity))” service, after which they must fill out the application form with accurate details. Upon submission, a unique Acknowledgment Number (ARN) is generated for tracking the application, which is generally processed within 90 working days. Once approved under RBC 6(4) Relief Support, the applicant receives an SMS notification and can download the digitally signed approval certificate directly from the portal. The document remains valid as an essential legal record for claiming disaster relief assistance, land-related transactions, government schemes, inheritance, and other official purposes.",2,Lok Seva Kendra: ₹30.0 | Online: ₹30.0,26,15,Address Proof -> Address Proof (Yes) | Khasara -> B1 (Yes) |  -> Khasara () | Naksha -> Naksha (Yes) | Challanfees Per Khasra -> Challanfees Per Khasra (Yes) | Copy Of Fir -> Copy Of Fir (Yes) | No Dues From Bank -> No Dues From Bank (No) | Affidavit -> Affidavit (Yes) | Affidavit Of Account Holder -> Affidavit Of Account Holder (Yes) | Form C -> Aadhaar (No) |  -> Driving License () |  -> Voter Id () | Fauti(Death Certificate) -> Fauti(Death Certificate) (No) | Advertisement Fees -> Advertisement Fees (Yes) | Talbana -> Talbana (Yes) | Department Fees -> Department Fees (Yes) | Demarcation Related Other Documents -> VAASUDEVA (Yes) | Application Form Along With Fee -> Application Form Along With Fee (Yes) | Property Details -> Property Details (Yes) | Valuation Certificate Of Property -> Land (Yes) |  -> House () |  -> Land & House () | Power Of Attorney/Vakaltnama -> Power Of Attorney (Yes) |  -> Vakaltnama () | Other Documents (Photograph Of Damaged Property) -> Other Documents (Photograph Of Damaged Property) (No) | Other Document 1 -> Other Document 1 (No),Lok Seva Kendra,30 Days,1,7
36,Revenue Services (Nazul Land Patta Renewal),https://cgedistrict.cgstate.gov.in/instractionPageNew.do?lang=en&serviceId=36,200,Yes,"Revenue Services (Nazul Land Patta Renewal) Revenue Services (Nazul Land Patta Renewal) provides citizens of Chhattisgarh with the facility to renew their Nazul land pattas after the expiry of the lease period, ensuring continued legal possession and use of government-allotted land. Citizens can apply for this service either by creating an account and applying directly on the eDistrict Portal, or by visiting their nearest Lok Seva Kendra (LSK) or Common Service Centre (CSC) for assistance. After logging in, applicants need to select the “Revenue Services (Nazul Land Patta Renewal)” option under the Revenue section, fill out the online application form, and upload the required supporting documents. Once the application is submitted successfully, a unique acknowledgment number (ARN) is generated, which can be used to track the status of the application. The application is then forwarded to the concerned Revenue authority for verification of land details, ownership records, and compliance with renewal conditions. Upon successful verification and approval, the Nazul land patta is renewed and the applicant is issued the updated lease document. This service ensures legal validity, transparency, and ease of access for citizens in managing their Nazul land pattas.",2,Lok Seva Kendra: ₹30.0 | Online: ₹30.0,27,13,"Birth Proof -> Bpl Certificate (No) | Earnest Money, Hibbanama, Dastbardaranama, Pattanama, For Accommodation And Junk -> Presence Between The Person Giving The Land And The Person Receiving The Land Or A Special Power Of Attorney Appointed By Him (Yes) |  -> Copy Of Registered Will () | For Succession -> In Case Of Succession, Testimony Is Given By The Heir (Yes) |  -> Affidavit () |  -> Numberdar Of Your Village () |  -> Death Proof (Certificate) () |  -> Affidavit Regarding Inheritance () | Transformation, Ownership And Division -> Copy Of Court Order Or Attested Copy Of Mutual Decision (Yes) | Fakarahan -> Attested Copy Of Mutual Decision (Yes) | Fakpatta -> Copy Of First Lease And Proof Of Lease Expiry Date (Yes) | Khasara -> Khasara (Yes) | Naksha -> Naksha (Yes) | Affidavit Of Account Holder -> Affidavit Of Account Holder (Yes) | Advertisement Fees -> Advertisement Fees (Yes) | Talbana -> Talbana (Yes) | Demarcation Related Other Documents -> Demarcation Related Other Documents (No) | Application Form Along With Fee -> Application Form Along With Fee (Yes) | Original Nazul Patta Copy -> Original Nazul Patta Copy (No) | Power Of Attorney/Vakaltnama -> Power Of Attorney (Yes) |  -> Vakaltnama () | Land Related Document -> Registry Copy (No) | Proof Of Mutation -> Others (Yes) |  -> Vasiyat/Hibanama () |  -> Sales Letter () |  -> Registered Gift Deed () | Other Document 1 -> Other Documents (No)",Lok Seva Kendra,30 Days,1,9
37,Revenue Services (Nazul Land Patta NOC),https://cgedistrict.cgstate.gov.in/instractionPageNew.do?lang=en&serviceId=37,200,Yes,"Revenue Services (Nazul Land Patta NOC) Revenue Services (Nazul Land Patta NOC) provides citizens of Chhattisgarh with the facility to obtain a No Objection Certificate (NOC) for their Nazul land pattas, which is required for legal transactions such as sale, lease, or development of government-allotted land. Citizens can apply for this service either by creating an account and applying directly on the eDistrict Portal, or by visiting their nearest Lok Seva Kendra (LSK) or Common Service Centre (CSC) for assistance. After logging in, applicants need to select the “Revenue Services (Nazul Land Patta NOC)” option under the Revenue section, fill out the online application form, and upload the required supporting documents. Once the application is submitted successfully, a unique acknowledgment number (ARN) is generated, which can be used to track the status of the application. The application is then forwarded to the concerned Revenue authority for verification of land details, ownership records, and compliance with regulations. Upon successful verification and approval, the NOC is issued to the applicant, enabling them to legally proceed with transactions or developments on the Nazul land. This service ensures transparency, accountability, and ease of access to legal land services for citizens.",2,Lok Seva Kendra: ₹30.0 | Online: ₹30.0,16,8,Khasara -> Khasara (Yes) | Naksha -> Naksha (Yes) | Affidavit Of Account Holder -> Affidavit Of Account Holder (Yes) | Advertisement Fees -> Advertisement Fees (Yes) | Talbana -> Talbana (Yes) | Demarcation Related Other Documents -> Demarcation Related Other Documents (No) | Application Form Along With Fee -> Application Form Along With Fee (Yes) | Original Nazul Patta Copy -> Original Nazul Patta Copy (No) | Power Of Attorney/Vakaltnama -> Power Of Attorney (Yes) |  -> Vakaltnama () | Land Related Document -> Registry Copy (No) | Proof Of Mutation -> Others (Yes) |  -> Vasiyat/Hibanama () |  -> Sales Letter () |  -> Registered Gift Deed () | Other Document 1 -> Other Documents (No),Lok Seva Kendra,15 Days,1,9
38,Revenue Service (Solvency Between 5Lac To 25Lac),https://cgedistrict.cgstate.gov.in/instractionPageNew.do?lang=en&serviceId=38,200,Yes,,2,Lok Seva Kendra: ₹30.0 | Online: ₹30.0,13,7,Khasara -> Khasara (Yes) | Naksha -> Naksha (Yes) | B1 -> B1 (Yes) | No Dues From Bank -> No Dues From Bank (No) | Affidavit -> Affidavit (No) | Affidavit Of Account Holder -> Affidavit Of Account Holder (Yes) | Form C -> Form C (No) | Application Form Along With Fee -> Application Form Along With Fee (Yes) | Valuation Certificate Of Property -> Land (Yes) |  -> House () |  -> Land & House () | Other Document 1 -> Other Documents (No) | Ikrarnama With Photograph -> Ikrarnama With Photograph (Yes),Lok Seva Kendra,10 Days,1,7
39,,https://cgedistrict.cgstate.gov.in/instractionPageNew.do?lang=en&serviceId=39,,No,,0,,0,0,,,,0,0
40,Land Use Information,https://cgedistrict.cgstate.gov.in/instractionPageNew.do?lang=en&serviceId=40,200,Yes,,2,Lok Seva Kendra: ₹30.0 | Online: ₹30.0,4,3,Khasara -> Khasara (Yes) |  -> B1 () | Naksha -> Naksha (Yes) | Challan Copy -> Challan Copy (Yes),Lok Seva Kendra,30 Days,1,6
